data,sentiment,sentiment_self_training
saya dulu main dari sampai dan ternyata free fire tidak seseru yang dulu tapi gk papa,netral,netral
aku suka banget main nya seru kalo aku gabut aku suka main ff,positif,positif
minta ff beta,netral,netral
sangat seru,positif,positif
semakin kesini semakin pelit hoki dia ini,negatif,negatif
gem gak guna,negatif,negatif
sangat bagus,positif,positif
ff ku black screen,negatif,negatif
gamenya dah bagus tapi kenapa kenapa gw tiap main cs dikasih tim drak sistem udah hedsot bukannya dibantuin malah pada kemana aku sudah muak garena tiap main tambah bintang satu lalu turun kali padahal baru pangkat diamon garena padahal saat master gak kayak gitu paling turun atau kalo engak itu naik nya bisa sampai kali jadi jika kesabaran kalian setipis tisu jangan coba game ini aku dah muak,negatif,negatif
bang garena bikin free fire yang kaya dulu lagi aku kangen bgt,netral,netral
bagus sekali terimakasih free fire atas dukungan muuaku suka bermain free fireoh iya sekalikali kek aku di kasih hoki kalo sepin,positif,positif
keren,positif,positif
ff mqntul,positif,positif
sangat keren,positif,positif
gamenya bagus kita bisa mabar cari pacar dan baiwan bareng temen gamenya keren abis deh,positif,positif
karna ff game favorit minta dm garena,netral,netral
keren mimin garena jago buat boleh kah kasih aku diamond,positif,positif
sangat menarik,positif,positif
game bagong game anying lamun nyaho di peak bar bara tong nyugugken senjata jarak jauh lah goblog sistem nyeleneh,negatif,negatif
perlu diperbaiki di bagian machnnya yang lama,netral,netral
min kalok cs ranked tolongberi kami tim yang sepadan dengan tim musuhtolong banget min,netral,netral
ff biasa akun ku dh bagus cara pindahin ya dimana y,netral,positif
keren dan sangat bagus,positif,positif
sangat keren,positif,positif
game bagus ini,positif,positif
gak bagus jelek berat lagi pokok nya gak rekomen,negatif,negatif
ff bagus banget bisaa dapet hewan bagus,positif,positif
garena baperan,netral,netral
ke blacklist mulu perasaan akun gua padahal murni gk pake apa apa,negatif,negatif
bagussss bangettt,positif,positif
jaya,positif,positif
membosankan,negatif,negatif
g bgs sm sklitp bgs jga sii,netral,netral
bagus banget ff,positif,positif
seru banget,positif,positif
spin jarang hoki,netral,netral
seru banget game ini,positif,positif
main dari bug damage makin parah,negatif,negatif
sangat menarik untuk bermain game online nya,positif,positif
saya suka game nya,positif,positif
bagusmbatu,positif,positif
sangat sangat bagus,positif,positif
baguss bangett,positif,positif
terimah kasih ff telah membuat kami bahagia,positif,positif
game burik salah pencet pas mau top up tidak bisa lagi top up,negatif,negatif
epep ini seru dan bikin seneng atau sedih itu tergantung menang kalah nya,positif,positif
gem nya sangat bagus,positif,positif
sangat bagus,positif,positif
hapus sekil laba laba raiden,netral,netral
game ini bagus banget tapi udah dah,positif,positif
burik,negatif,negatif
sangt seruuu,positif,positif
lama amat downlod di play store,netral,netral
gem nya seru,positif,positif
makasih ya garena udah mengembalikan glider lagi,netral,netral
bagus,positif,positif
gem yang sangat keren ada banyak gem ada banyak skin dan ada banyak senjata yang sangat bagus dan keren aku mendapatkan pengalaman yang sangat keren aku bisa main berjam jam ini pastikan kalian donloat ya,positif,positif
game ya sagat bagus biar orang bilang gak ada pintu yang penting nomor satu semangat yang main semogah ff makin keren salam boya,positif,positif
game jelek,negatif,negatif
bagus bgt,positif,positif
kenapa ya pdahal udah hbis dwolaad pas mau main ulang kok disruh dwolaad lgii,netral,netral
saya sangat suka game ini game ini cocok di mainkan dari umur sampai umur dan game ini banyak map seru di craftland karna game ini seru dan banyak map seru jadi saya kasih bintang,positif,positif
game ini seru,positif,positif
ff bagus,positif,positif
mending epep biasa epep max lagparah jirrrr,negatif,negatif
dikasih temen drak sistem musuh es satu esdua la gua bocil bocil,netral,netral
game yang menyenangkan tidak boring,positif,positif
you garena tolonglah perbaiki ffini masalahnya bug analok jalan sendiri padahal tidak yentuh apa apa,negatif,negatif
pengen skali kembaki ke masa masa kerena ff swru skali di masa itu kalau bisa saya ingin kembali ke masa itu kerena masa itu swru banget,netral,netral
game burik banyak bugtadi wifi baik aja tiba tiba disuruh keluar ff game dongo,negatif,negatif
game nya bagus tapi sayangnya game ini suka nyindir orng jomblo,positif,positif
bagus bngt,positif,positif
bagus bngtt,positif,positif
apakah pake data atau tidak yah kalau pake data aku kecewa,netral,negatif
banyak bug nya tpi mki kasi bintang,negatif,negatif
gemini sangat bagus,positif,positif
kasih offline biar enak,netral,netral
sudah ku update loh masih disuruh update lagi,netral,negatif
baguss pengen memiliki,positif,positif
akun saya sering hilang mohon berikan saya akun,netral,netral
bagus,positif,positif
kurang hade,negatif,negatif
woi garena kalo gk niat jangan bikin game masa aku pas masuk di keluarin dasar terus gk aman banyak yang ngecheat,negatif,negatif
game nya bagus enak gitu aja kok,positif,positif
tenen satu tim agak beban,netral,netral
sangat seru,positif,positif
sangat baguss tapi on mic nya tolong jangan di stopp yaa kalo keluar dari gamee,positif,positif
burik kali bg ff sekarangkalok ada musuh langsung ngelekff bit,negatif,negatif
game burik kasih musuh curang dan main kalah terus,negatif,negatif
seru,positif,positif
bagus,positif,positif
tolong kembalikan peak yang dulu dan juga kembalikan gerafik ff yang dulu,netral,netral
game buruk gaya yini,negatif,negatif
game burik setiap login ff gak bisa masuk,negatif,negatif
game nya sangat keren sekali,positif,positif
asikk,positif,positif
free fire itu seru banget,positif,positif
game ini sangat seru di mainkankarena aku s uka game tembak sekian assalamualaikum warahmatullahi wabarakatuh,positif,positif
seruuuu woyyy,positif,positif
ff sangat bagus terima kasih banyak untuk hiburan nya,positif,positif
the game is beautiful,positif,positif
event na barurikkkjelekkga kaya dulu,negatif,negatif
kalok buat game jangan di seting masa dah di luck aturan dapet jadi gk kan gk masuk logika ff,negatif,negatif
bagus tpi tolong geme nya banyak orang ngtroll alis otak nya dongkol tolong develover nya buat geme ini lebih bagus dan jangan ada cheter lagi yang kaya babi,netral,positif
game jelek masa grafik aku turun dari ultra sampe ke smooth,negatif,negatif
ff sangat bagus,positif,positif
game ini cocok untuk game yang ada di roblox misal nya curi labubu satu lagi curi anomali,netral,netral
free fire ayo collab boboiboy min plisss collab sama boboiboy,netral,netral
gamenya banyak bug kalo aku main musuh pro temen bot trus pas aku mau naik pangkat malah season,negatif,negatif
kangen ff yang dulu tambahin player baru lagi dong yang murcet,netral,netral
aku suka sekali,positif,positif
terima kasih garena telah mengembalikan glider di ff saya akan comeback,netral,netral
game nya seru pokoknya seru deh aku kasih bintang buat garena,positif,positif
hilangkan bug terutama bug damage,negatif,negatif
garena ngebak mulu dan makin jelek pbalap bacot halo bot,negatif,negatif
keren bgt apalagi jaringan nya tambah ngeleg wow bgtsampe ngasih bintang satu aja gak ikhlas,negatif,negatif
seru,positif,positif
gem jelek sya tidak bisa main cs ranked,negatif,negatif
game puki ceuk si kijat mending ngusep,negatif,negatif
login ae susah bet najis game burik,negatif,negatif
game nya baguss tapi aku kecanduan top jirr,positif,positif
ff semakin kesini semakin jlek dan leg leg gak jlas,negatif,negatif
garena kacau hp gw kaga bisa download,negatif,negatif
bagus,positif,positif
game burik bit gak guna pula,negatif,negatif
gemburik,negatif,negatif
kenapa pas mau login ngestuck di loadinh screen mulu ya padahal wifi lancar tapi kok ngga bisa login,negatif,negatif
game nya seru bgt tapi bagi dm lah,positif,positif
jelek bikin sakit mata,negatif,negatif
geme burik bit bikin sakit mata,negatif,negatif
karna ff sangat bagus,positif,positif
gem nya pata pata,negatif,negatif
ayo ramaikan ff bentar lagi puasa gw juga baru comback,netral,netral
game sangat buruk skils carakter anehbanyak cheater gldan grafik game yang bikij sakit mata,negatif,negatif
game rusak gak bisa main,negatif,negatif
tidak ada ulasan,netral,netral
grafiknya aduh,negatif,negatif
mantap ff,positif,positif
sinyalnya tolong diperbaiki dan bug mic nya juga kesel juga lama,negatif,negatif
game banyak cheater nya,negatif,negatif
ko gabisa buat login platform mulu padahal udh lama ga main tolong di benerin ya min,negatif,negatif
game tai,negatif,negatif
seruu,positif,positif
game gak ngotak musuh bot damagenya gak logis game rusak dari dulu main gak kyk gini,negatif,negatif
game burik,negatif,negatif
game sejuta umat dgn peminat terbanyak,netral,netral
ooi bagi lah kami bundle gratis,netral,netral
ff Hama banyak citer ga di ban tolol,negatif,negatif
grafik game burik,negatif,negatif
tidak ada ulasan,netral,netral
seruuu,positif,positif
grafik nya agak jelek,negatif,negatif
main ff seru macam main tempat perperangan yang nyata,positif,positif
abis update mkin jlek,negatif,negatif
love youu epep,positif,positif
game sampah,negatif,negatif
gimana ini game eror terus ga bisa nyambung ke serper gw kasih bintang biar di liat sama yang punya game,negatif,negatif
Kenapa gem ini setiap ingin login eror terus padahal jaringgannya bagus,negatif,negatif
singkat padatburik,negatif,negatif
game burik isinya bocahbocah tolol yang suka nyenggol sanasini udah kayak gamenya sempurna aja,negatif,negatif
game di dunia,netral,positif
banyak orang yang main,netral,negatif
lumayan tapi jaringanya mulu,netral,netral
login ae susah bet najis game burik,negatif,negatif
wow glinder akhirnya kembali lagi tapi era nya gabisa dikembaliin lagi,netral,netral
seru banget kalau bisa lawannya bot ya,positif,positif
gem jelek sya tidak bisa main cs ranked,negatif,negatif
tidak ada ulasan,netral,netral
game nya bagus banget,positif,positif
burik bit gaada pintu gk berkembang,negatif,negatif
grafik game burik,negatif,negatif
jagotoo,netral,netral
miskin jaringan lag gjls padahal masih di lobby emng game miskin,negatif,negatif
ff selalu di hati wkkw,netral,netral
tolong lah bug data di perbarui aku udah x data ilangsendiri,negatif,negatif
maksih garena,netral,netral
gamenya sangat bagus,positif,positif
kecewa berat aku sama free fire mengapa kecewa karna di setiap permainan tidak adil jadi gini masa yang make cheat di biarin yang murni selalu di bl entah kenapa aku ga tau selalu ke bl terus lagi mengapa pas saya login membaca info game mulu ini hal di ff yang aku tidak suka aslinya saya senang bermain free fire namun ada saja hal yang mengecewakan nah itu jadi tolong di perbaiki,negatif,negatif
p info mabar,netral,netral
pliss garena kalo lagi spin di kasih hoki ngapa,netral,netral
makin update makin susah makin jelek padahal udh bagus tapi malah update nya bikin jelek,negatif,negatif
sangat seru,positif,positif
ayal sisen sangat bagus,positif,positif
ff anj ngak dapet apap game menghabiskan uang game burik game nya agak laen masa glowal nya sudah ketaro tapi tetep mati ga jelas mohon jangan download,negatif,negatif
mantap,positif,positif
memang ini rame tapi aku mau di kasih diamon,netral,netral
wowwwwwwwww,positif,positif
tetap aja jelek,negatif,negatif
pasang akun susah burik amt geme ini akun ku hilang top up udah banyak pake tabungan jangan di donglot akun bisa hilang,negatif,negatif
kebanyakan di update jdi ga enak game play nya,negatif,negatif
mau kenak berek akun sultan,netral,netral
kerjaan staf garena ngapain aja sih cheater ribuan pengguna bahkan mereka make akun utama seyakin itu mereka kalau pendeteksi pergerakan abnormal di freefire tuh gak berfungsi lagi jaringan dari dulu sampai sekarang gak pernah di benahi terutama lagi player yang maksa grafis kanan hadehh grafis rendah semua efeck hilang grafis tinggi lag crash diem aja gitu para staf garena gak berani bertindak,negatif,negatif
scroll tiktok lancar nonton youtube lancar buat login epep sinyalnya lo gajelas semkin lama epep hanya mentingin cuan doang gak mentingin playernya yang main cheat di game di biarin sedangkan afk honor scor di turunin yang ngechet di biarin game aneh gjlas,negatif,negatif
ini game seru sekali,positif,positif
ok,positif,positif
game tolol jelas jelas udah download data pas login ulang semua nya ilang tolol merugikan banget jadi game,negatif,negatif
game yang asik seru dan bisa dapat banyak teman,positif,positif
Gem ga jelas gua maen lama kir juga tapi tetep mines rengked tolong benr rin ini gimana udah 2 kali saya gini main lama juga sama kin tapi tetep mines hadeh,negatif,negatif
seru,positif,positif
tidak ada ulasan,netral,netral
ff hama banyak citer ga di ban tolol,negatif,negatif
kirim aku sg evo garena,netral,netral
bagus mintapi tolong adakan lagi fitur lepas petnya terimakasih,positif,positif
min lu kenapa kasih gw musuh grandmaster semua cape min capeee gua ngepush kalah terus frustrasi setres gw padahal gw masih elite heroic whyy min whyyyy kamu kira saya penjoki enggak min kalo masih gini aja gua mau pensi,negatif,negatif
welcome to free fire,netral,netral
game ini sangat tidak ramah karena saya bermain game ini masuk global malah di kick memang bab tolong juga playernya banyak toxic masa gw masuk global dikata in yatim tolong garena,negatif,negatif
freefire sekarang sering ga bisa masuk ga bisa loading parah ni game,negatif,negatif
gacor,positif,positif
ok,positif,positif
seru mainnya,positif,positif
aku sangat suka banget sama ff aku minta diamon,positif,positif
game buriq,negatif,negatif
gem to lol gada akhlak pemain nya fun take,negatif,negatif
dapet temen gak jelas semua,negatif,negatif
boleh lah pokok nya five star,positif,positif
game keren,positif,positif
gatena ff,netral,netral
bgus di main kn,positif,positif
game lawak loading stuck pas abis logo garena fix lah,negatif,negatif
karena apa gw push terus tmn tim ku sllu dark sistem coba deh kasih aku tmn yg top indonesia,negatif,negatif
game burik,negatif,negatif
mohon maf map nya aga di ganti lah q,netral,netral
game seru event nya juga bagus bagus jaringan nya g kurangsama kawan tim pas main agam dikasih yg jago gitu musuh nya terus bot,positif,positif
main cs renked tim nya banyak yang beban,negatif,negatif
gemnya banyak citer,negatif,negatif
seruuuuuu,positif,positif
game apa ini banyak yang pake cheat,negatif,negatif
saya kasih bintang karena game nya sangat seru,positif,positif
game aneh,negatif,negatif
game terbaik di dunia,positif,positif
jangan lagi di ben akun ku aku gak pake cit min,negatif,negatif
tidak ada ulasan,netral,netral
game nya keren sih tapi ngelag,positif,positif
kenapa mau login kok eror aplikasi ini sudah gak becus,negatif,negatif
lama kali min donwlodnya,negatif,negatif
sangat bagus dan sudah menemani masa remaja ku,positif,positif
game nya gak seseru dulu pensi aja lah,negatif,negatif
game sangat buruk skils carakter anehbanyak cheater gldan grafik game yang bikij sakit mata,negatif,negatif
bagus,positif,positif
game jelek masa grafik aku turun dari ultra sampe ke smooth,negatif,negatif
gem jelek sekin jelek semua mantesan poroplayer ff pindah ke blosterek ternyata gem ff jelek anjir,negatif,negatif
pokoknya game ini seruuuuuu,positif,positif
fire fire sangat bagus dan juga bisa bermain bersama instal sekarang di flas tor ayo cepetan,positif,positif
jaringan selalu bermasalah,negatif,negatif
suka ngeleg,negatif,negatif
seruu,positif,positif
jgn sering update memo ku tidaa cukufff,negatif,negatif
game nya burik dan game bit buruk banget,negatif,negatif
suka gamenya sama eventeventnya makasih garena sama timtimnya event dan gamenya seru,positif,positif
game tolol maen game menang cuma sekali,negatif,negatif
game ini bagus saya suka walupun gak ada pintu,,positif
game nya bagus banget,,positif
tidak ada ulasan,,netral
game nya seru sekali,,positif
game ini seru tapi pas main cs lawan nya jago semua dan tim aku ngetroll juga tolong diperbaiki garena kasih lawan yang sepadan dong jangan kasih yg jago dan yg aku ngetroll tolong dibaca pesan ini garena,,positif
bagus,,positif
sering ketemu tapi bot di cs tapi musuh nya pro,,negatif
tidak ada ulasan,,netral
semoga saya dapat diamond ff saya kasih bintang,,positif
game yang sang at menarik says sang at suka,,positif
saya pensiun dulu,,negatif
baik,,negatif
game ini bagus,,positif
ini game seru kali,,positif
so bagus tpi yg salah dia p jaringan jaringan bagus tpi ta main tu model deng jaringan dia mera kuning padahal tp tamanp jaringan bagus yg salah di yg apdet kaseh baedia jaringan dulu,,positif
ff terbaik,,positif
aku suka geme ini,,positif
free fire enk di mainkan ko yng gk bisa di mainkan itu hp ny gk tahan,,negatif
baik,,negatif
bagus tapi jaringan sering ngelek,,positif
mantap banget,,positif
bagus bangt,,positif
seru banget,,positif
seru apa lagi pas bulan puasa,,positif
seru nian bisa mabar sama teman dan ada bandelnya juga bagus nian bisa bewan,,positif
permainan yang amatt kulll,,negatif
bagus,,positif
menurut saya game ini serutapi ada kendala tolong perbaiki bug bug yangg ada di gametruss grafik nya juga di tingkat kan supaya ga burik lagi,,negatif
bagus bett buset,,positif
bagus game nya walaupun game bite banyak skin bagus,,positif
game nya bagus,,positif
seru,,positif
tidak ada ulasan,,netral
seruuuuuu,,positif
seru banget,,positif
karena game ini tidak mancing emosi kita jadi seru mainnya gak tokxix,,positif
seru perminanya kalo ada step pasti ada getaran jadinya semakin hapal kalo ada step grafiknya juga bagus tapi bag bag nya ya mimin apus plis,,positif
bagus,,positif
sangat seru,,positif
ini game saya dari kecil dari pas saya umur thn dan sekarang baru bangun tidur panjang hbd for me utk tgl desember,,positif
emot dua jt bang,,negatif
game yg sangat menarik,,positif
aku sangat senang dan semangat,,positif
seru banget,,positif
burik,,negatif
mantapp,,negatif
game ape ni wok woww kerenn,,negatif
geme ya seru banget aku rispek,,positif
makin bagus banget aku jadi suka,,positif
gem nya bagus hd dan menyenangkan jangan lupa sholat kalo ngegem salam epepp,,positif
terimakasih ya bang garena,,netral
bagus,,positif
seru banget,,positif
game nya bagus,,positif
setiap main padahal sinyal udah lancar masih aja ngelek dan di kasih tim yang bot dan ngettrol dah malas aku main free fire bannyak yang ngetrol mending main ml dari pada game burik in,,negatif
tolong kembalikan diamond ku yang udah top up nama akunnailaiatolong di perhatikan lagi,,negatif
sangat seru,,positif
kembalikan cs elit kami,,negatif
karna saya tidak kesepian,,positif
gamenya seru tapi banyak bug jaringan suka leg di laporkan malah tambah parah yaudah sekarang saya main ml gk main epep lagi akun juga dah ke jual gk seru ff sekarang bosan game burik,,negatif
makasi garena fere fire,,netral
game pelit buang buang duit ff sangat pelit hapus aja ah ff spinnan ff burik burik burik,,negatif
tolong buat garena ff max tolomg banget knpa saya selalu bug data selalu hilang data baju nya tiap hari sekali selalu buat kuota habis padahal udah download semua tau,,negatif
aku suka main ff,,positif
seruuu bingitttt,,positif
gua comebackkasih gua hoki dong garena,,negatif
mantap,,positif
apk y jadi burem gelap gak bisa main tolong di perbaiki sudah x download tetap aja gelap hpus lagi,,negatif
mantap,,positif
game na ngenahen,,negatif
bagus,,positif
kapan rilis free fire x boboiboy,,netral
mulai comeback uhuyyyy,,negatif
aku suka main nya,,positif
game nya seru banget,,positif
ok,,positif
game yang sangat bagus,,positif
game nya seruuuu bangeeet,,positif
bagus geme nya,,positif
baik,,negatif
bagus lebih bagus dari pada mlpubgminecraft kerja bagus,,positif
tolong bikin aimlock,,negatif
sangat bagus game nya cara,,positif
gemya bagus banget,,positif
game bagus banget ff mantap,,positif
mantap garena bikin ff yang bagus,,positif
uda nga aman game ini banyak ceatternya,,negatif
sangat seruuuu,,positif
kerenn cokk aku main ff dari,,positif
minta peak old kembali,,netral
bagus,,positif
baikk,,negatif
terimakasih sudah menamai aku dari tahun,,positif
permain bgus pembagian tim gj bug gemeg mluh dri dulu,,negatif
mohon maaf buat ff max atau ff biyasa update nyah jangan terlalu sering makasih,,negatif
sangat baik,,positif
sukaaa bangett samaaa epepp tapii sukaa sedii kaloo turunn seasonnn,,positif
game nya seru apa lagi mabar sama tementapi semakin lama semakin susah game nya,,negatif
bagus ja,,positif
timnya bot mulu,,negatif
mantevppppppp,,negatif
hanya saja sering kali update,,negatif
minta puncak diamond ff,,positif
ssangat bagus dan keren,,positif
permainan sang at keren semoga akun aku hoki oleh pembuat ff amin,,positif
goood,,negatif
ff memang seru,,positif
pelis garena urus lagi citerna,,netral
korban akun guest,,negatif
tolong pig yang dulu dikembalikan,,negatif
gem ini bagus sekali wqlau pun ga ada pintu tapi banyak peminat na jadi suka mainngemnini karena seru lalian harus coba,,positif
senang gembira aku harap bisa masuk evos,,negatif
aku udh kangen bgtttttt main ff karena aku pensi dan udh comeback dan selamat datang lagi di ff,,positif
gem ya keren bangettt sampay kecanduan gua wkwkkw,,positif
game ya enak gak e bosanin,,negatif
bagus banget gem nya aku jadi lebih jago mainnya dan kontrol nya gampang dan juga,,positif
meyenakan,,negatif
sangat seru,,positif
bagus,,positif
game free fire sangat bagus udh map nya bagus banget apalagi ada tempat by one terimakasih ff engkau lah yng temenin aku lagi main makaci ff,,positif
game kesukaan kuuuuu,,negatif
bagus dan aku suka hoki terus,,positif
sangat lah bagus,,positif
amazing,,negatif
bagus aja sii,,positif
gw suka bet jir ji game buat ngilangin rasa kesepian gw hehehev,,negatif
seru banget jangan lu a dowlod,,positif
game nya enak tapi pas aku gaca gaca pake diamond gk pernah hoki,,negatif
sangat baik,,positif
baik,,negatif
gabikin bosenn,,negatif
burik,,negatif
geme menyerukan,,positif
tolong lebih di perbaiki setelah update berkalikali kok loh yah makin parah sieh kadang tb pdhl jaringan ku loh ya bagus trs jg sering nge freeze kalo ada musuh giliran gada musuh lah gak nge freeze trs sering jg nge bug damage pdhl pas update udh bagus tampilannya dll udh bagus bgt tpi kok mlh sering nge bug dan nge freeze tolong lebih di perbaiki lagi,,negatif
lumayan seru,,positif
sangat rame,,positif
sangat bagus,,positif
coba comeback lagi,,netral
keren banget,,positif
lumayan,,positif
bagus,,positif
bagus,,positif
mantap,,positif
keren,,positif
game ke suka an gw walaupun bnyak yg ngeselin its ok,,positif
bagus,,positif
saya adalah player old dan saya install ulang dan ternyata ff sudah banyak berubah tapi sayangnya skil saya belum pulih karena sudah lama pensi bermain ff,,positif
sangt lah menyenangkan kan,,positif
tidak ada ulasan,,netral
sangat seru dan menghibur,,positif
seru game nya bisa tembak tembakan dan ga toxic,,positif
game seru dan penghiburan,,positif
tolong di per baikin lagi garenakamu gk adil masa adikku yang baru main langsung dapat pemain pro padahal dia masih gold lho udah itu update yang makin jelekbuat hp main kayak pubgngeleg parahmoga di perbaiki lagi salam buriq,,negatif
seru plcc epep selalu di hatilop u sekebonnn,,positif
seruuu,,positif
ini sangat bagus,,positif
pri payer mek makin hade,,negatif
sangat bagus dan tolol,,positif
game bocil ingusan burik bit,,negatif
nyesel udah sopor game ff player di bend tapa keteranganbuk dimana internet tiba tiba lemot padahal keceng internet nyapantes rata player nya pada pindah gamemakin lama makin sepi lah nih game kesel gw,,negatif
seru,,positif
game nya ngeggek sekali,,positif
geme ini bagus mohon garena aku mau dua juta lagi mohon,,positif
jaringan nya kurang stabil sering padahal jaringan gw bagus main ml juga bagus tapi d ff merah,,positif
gamenya bagus tapi aku sudah kehilangan akun kali dan ini yang terakhirnya aku download free fire,,positif
saya sangat suka,,positif
game oke tapi baju yg gw punya ilang bukti nya baju otot emas itu ilang aja jirr lapor,,negatif
game nya seru banget,,positif
game nya bagus tapi banyak juga bug yang bikin player tidak nyaman untuk main,,positif
sangat bagus,,positif
mimin booyah,,positif
bagus banget gamenya tapi tolong banget bug nya,,positif
mantap,,positif
game ini memiliki grafik yang sangat bagus,,positif
sangat bagus,,positif
ferifayer anak seru dan,,positif
sangat seru,,positif
seruuuu,,positif
tidak ada mab baru,,netral
ngelegngebug,,negatif
bagus sekali,,positif
asik bgt wokk,,positif
gem tolol sm sperti garenanya,,negatif
seru banget,,positif
jelek geme ya kalah terus ketumu tim gak bisa turus garena gak kasih manang dasar garena jangan di download ya wkwkwkkwkw garena iri denke masa aku sudah naik bayak malah pas aku main lagi garena kasih kalah dan turun bayak apalah garena geme kok burit mending aku main ml aja garena ke sumpahi,,negatif
game nya bagus banget udh nemenin aku dari kecil sampai sekarang tapi kok pas aku download game ff max pas sg nya nembak suaranya tetap sama kayak ff biasa tolong di perbaiki garena jangan event terus,,positif
garna palis yang suka ngehek akun urang diben palis,,positif
untuk pertandingan cs knpa banyak sekali chitnya dan ada apa dengan fitur band tolong di tanggapi segera untuk pertandingan cs ranked plis nanti mau season masakk masi berkeliaran itu chitnya trimakasih,,negatif
anjay,,negatif
garena aku gak bisa main ini padahal akun ku padahal akun ku pro garena harus tanggung jawab,,negatif
bagus,,positif
bagussss,,positif
game nya seru,,positif
aku bertemu teman lama,,negatif
kenapa akun saya yang udah besar tiba jadii bot,,negatif
bagus,,positif
terimakasih garena karna game ini aku selalu emosi dan menahan amarahku untuk melatih kesabaranku,,positif
sangat bagus,,positif
suka bgt sma free fire smaa permaenannya seru bgt semoga sukses trus free fire,,positif
gamenya seru,,positif
seru,,positif
karena saya bisa terhibur bermain ini,,positif
cinta ff,,positif
kasih aku banble min,,negatif
gemnya seru dan banyak hal yang seru,,positif
gem ini terbaik sepanjang masa,,negatif
seru banget ff nya,,positif
gems plgiat,,negatif
gem sangat bagus bisa baiwan bisa minta giv alok,,positif
pelit banget garena kasi spinan ke gw ga dapet dapet,,negatif
permainan ini sangat seru tapi balikin akun saya yg diban plis,,positif
saya suka ff,,positif
permainan nya bagus dan sedikit ada yang kurang dan burik dikit perbaiki buk dan para ngecit nya garena tolong teman saya bisa login tapi saya tidak ada bacaan error nya garena tolong ini mah namanya pangaje nih nama akun aku ya tolong pisan sayah,,positif
jangan terlalu menciptakan skin senjata yang berlebihan,,negatif
karenah ff nyah ngasih boyah pass dengan harga murah,,positif
keren,,positif
game banyak bug seperti udah pakai crono masih bisa ditembak lol,,negatif
bagus bisa mabar seruuu tp loginnya lma,,positif
bgussi tpi di kurangi bug ny,,negatif
aku suka,,positif
gw uninstal lagi karna hyperbook nya gadijual harus sepin,,positif
gameini sangat mantap apa lgi kalau garena kasi biru biru tiba ehh lebih mantap,,positif
game nya terbaik,,positif
game nya seru,,positif
bagus banget ya kak,,positif
bagus banget,,positif
karena game ini bagus dan keren,,positif
game ini sangat baguss tapi tolong hilangkan sedikit bug dalam game ini,,positif
lumayan,,positif
bagus,,positif
sangat asik bermain game ini,,positif
king,,negatif
seru,,positif
ini bagus tetapi jaringan nya perbaiki karna jaringan kita penuh tapi masih ngelek perbaiki ya,,positif
sangat bagus,,positif
seru bngtttt,,positif
game yang sangat bagus,,positif
baguss,,positif
ff di hati,,netral
apdaet bagus skkin bagus,,positif
mainan ini sangat seru,,positif
game sangat seru,,positif
ff sangat bagus,,positif
game nya bagus tapi aku sering melihat orang pakai chet tolong chat di game ini di hapus,,positif
jangan terlalu banyak ngeleg sinyalnya ya,,negatif
jelek,,negatif
game bagus,,positif
buat yang ff nya rusak tapi di saya gakk tuh,,positif
ini bagus sekaliidnv,,positif
tolong benerin lagi ni game garena bnyak cit,,negatif
bagus,,positif
gem burik,,negatif
enak,,negatif
beh makasih mimin garena bandel nya,,positif
bagus,,positif
garena akun ff aku di band tolong jangan kembali ke punya akun ma akun,,netral
game mantap budi yg rame in ini game,,positif
aneh banget masa tahun akun gw g di loginin dari tahun msa ilang si g bisa kembali kek akun yg masa akun baru aneh ni epep,,negatif
mantap,,positif
sangat menarik dan seru,,positif
ff lebih baik di mainkan karena seru,,positif
benerin bug skin musuh dong min masa udah donlod data semua gak bisa lihat skin musu benerin min,,negatif
bagus cuy,,positif
ff keren,,positif
banyak bocil terus bikin emosi ngomong kasar main beban mau di laporan tapi gk ada laporan yg bener kalo bisa bikin tempat buat kasih keluhan player,,negatif
gemnya bagus tapi kadang kadang suka dikasih musuh yang pro terus pas mau heroik malah seson itu yang bikin saya kesal dan bandel kucing nya juga bagus kok,,positif
sangat menghibur,,positif
game ini sangat seru,,positif
adain dm gratis,,positif
sangat memuaskan,,positif
tolong di perbaikigw udah download semua data pasti besoknya ga ke download lagi berkurang berkurang berkurang setiap harikuota gw abis cuman gara download data rugii lah apa ini di sengaja biar dapet cuan tambahan,,negatif
game ini sangat seru,,positif
banyakin gratis diamon dong,,positif
bagus betul aku dah nyampe heroic satu tapi dak papa walau sering kalah tapi aku tetep semangat main epep tapi tolong garena buat kembalikan aku epep saya yang tahun,,positif
seru,,positif
anjai alok wkwkwkwk,,negatif
game nya sangat baik dan tolong perbaiki bag yang ada,,positif
dari tahun main mau coba camback,,negatif
mantapj,,negatif
gamenya sangat bagus,,positif
game sangat bagus,,positif
main nya seru banget walaupun sinyal kadang buat ngelek tapi main ny tetap seru,,positif
seruu bangettt aku sampai punya akundalam satu hari man bagus baguss dan tolong ya peak old kembalikan di br ranked dan battle royal jangan di craftland,,positif
map ya bagus terang,,positif
karna bagus,,positif
mantap,,positif
bagus bangettt,,positif
geam nya sangat seru,,positif
gemnya bagus,,positif
game game free fire yang bagus kalian harus download game free fire tolong perbaiki ruang biar bisa main,,positif
x akun gw di band trus sma garenadengan alasan yg gk jelasgw main normalnormal ajakok seenaknya aja di banajamakin lama makin gak jelas game inilebih baik pensi permanen aja klo kaya giningabisin duit top up melulungurus akun kecil udah lama tibatiba selalu aja di ban,,negatif
epep seru asik,,positif
gm ini bagus banget terus jangan lihat bawah ini aku akan selalu ada di dalam gm ini,,positif
game nya seru sih tapi kurangin tim yg drak sistem baru seru main nya,,positif
geme nya seru,,positif
enak gemnya,,negatif
enak banget,,positif
mantap,,positif
sangat seru dan bisa bermain ber empat,,positif
banyak chit,,negatif
burik bit kayak komik tahun an game burik jangan di donlot,,negatif
enak di main,,negatif
good,,negatif
bagus bgt,,positif
ff sangat bagus dan geratis untuk semua orang dan anak kecil juga suka memain ninya maka ff selalu ada di hati,,positif
amazing,,negatif
saya gajadi download soalnya tmn sy offline smuamain sm random ga serumending main ml,,negatif
saya suka karena semua komeback,,positif
permainannya seruu bangettt sampai setiap hariiii,,positif
saya suka geme ini selalu dihati saya,,positif
sangat bagus,,positif
maap aku kasih bintang satu kenapa garena pls baikin ff karana aku main layar ku hitam mulu lama kali pls baikin,,negatif
nggak bisa didownload ga seru,,positif
sangat baikkk,,positif
bagus sekali game ini,,positif
baik sangat baik,,positif
yg benar aja masa elit bintang di kasih teman bot semua aneh,,negatif
tidak ada ulasan,,netral
tidak ada ulasan,,netral
oke,,negatif
tidak ada ulasan,,netral
aku baru download yang ff versi max katanya loby nya beda eh pas masuk sama aja kek ff biasa terus kalo isi peluru katanya beda eh juga sama aja kek ff biasa gimanasihhhh,,negatif
lumayan,,positif
bjirrr game nya bagus bagaikan langit dan bumi,,positif
saya sangat suka dengan game ini,,positif
gabisa download,,negatif
sangat bagus,,positif
gemnya seru tapi pake paket,,positif
sangat suka game ff,,positif
gg wepe,,negatif
sekarang ff udh gak seruh mending main ml sekarang ff kikir cok aneh udh gak enak lagi,,negatif
sering ngeztuck,,negatif
ff bagus,,positif
sangat seru,,positif
bagus banget min tapi sinyal selalu ngelek padahal aku ada kuota sinyal tempatku bagus jadi benerin ya min,,positif
seru bikin ketagihan,,positif
serubagusand seneng dehh,,positif
sayang nya saya kalah di menit akhir mode duo sama adek saya,,positif
epep bgus,,positif
peak lama di munculkan ulang dong,,negatif
tolong min sistem nya di perbaiki,,negatif
garena di mana nih garena ff kok orangorang bisa download tolong diperbarui batman aku nggak bisa download,,negatif
sangat bagus untuk aku,,positif
game bagus,,positif
sangat bagus,,positif
game burik mudah di hack banyak citer banyak player toksik,,negatif
sangat bagus,,positif
bagus dan menghibur tapi event ny mohon makin di kecilkan kapasitas ny,,positif
senang,,negatif
wow,,negatif
seru gara game ini gua jd kenal dunia virt smua org yg dsitu baik bgt ma gua tq garena,,positif
terimakasih kamu geam yang seru,,positif
game yg seruu dan asikkk,,positif
game nya seru tapi gak seru nya aitem aitem lama di keluarkan lagi,,positif
game ini sangat jelek karna banyak bugg perbaiki lah bug nya,,negatif
hiburan,,positif
matap,,negatif
game bagus tapi kalau main cs suka ada chit tolong perbaiki lagi game nya,,positif
gajelas respon ganti glowal ke senjata delay padahl dah di tap tap berkali kali tpi tetep delay lawak,,negatif
sekarang busuk,,negatif
game yg sangat seru apa lagi saat mabar bareng teman teman cuman minusnya bug bug nya diperbaiki semoga game ini banyak peminat nya,,positif
game bapak garena memang terbaik,,negatif
bagusss,,positif
min knp gw gak bisa login,,negatif
keren,,positif
ini game aku dari kecil umur tahun sekarang umurku,,positif
game gj sinyal bagus gabisa masuk,,positif
game bagus,,positif
game nya pokok nya bagus dh,,positif
bagus,,positif
game ini sangat bagus,,positif
game gak jelas game dah terus jaringannya dah buang aja sana ke sampah gak guna media main puo aja,,negatif
bagus aja buat main,,positif
bagus aja,,positif
hobi main epepepe,,negatif
epep yg terbaik saat ku kesepian cuman ad epep yg membuat ku tidak kesepian lagi makasih epep telah ad di hp ku,,negatif
mohon maaf kepada pihak garena saya sudah bermain game ini dari tahun saya bernostalgia dengan game ini trimakasih free fire sekarang saya sudah bosan bermain game ini sekarang saya pindah game mobile legends saya berjanji akan komback di bulan ramadhan se you next time garena,,positif
sangat bagus banget,,positif
ff di hati,,netral
dia menemaniku dari,,negatif
bagus,,positif
sangat sangat sangat bagusss,,positif
sangat bagus,,positif
event nya jangan itu mulu,,negatif
bagus tapi mb ny tunin jadi ratusan,,positif
main cs kok gak ada senjata famas kalaupun ada susahnya minta ampun untuk mendapatkannya,,negatif
mantap,,positif
ff oon babi ngeleg mulu,,negatif
geme ny mayaan seru jadi aku kasih bintang,,positif
banyak cheater tolong di ban udah di lapor tapi blum pada di ban,,negatif
saya baru download kayaknya seru jadi saya kasih bintang,,positif
bagus sekali cok bisa ngeset bagus sekali,,positif
bagus bangett aku suka banget sama mainnya makasih sudah buat geme ini ya,,positif
bagus,,positif
gak ada pintu,,negatif
tidak ada ulasan,,netral
game burik makin lama update makin burik apa di rubah bego,,negatif
seru dan sportif,,positif
game menarik,,positif
sangat bagus,,positif
naon maksud bos urg ijig ijig paeh eyy didie asa teu ngarenah kie eyy dek kumha tah mun ges kie dek di adu wae,,negatif
ok,,positif
game yg sangat memuaskan,,positif
bagus banget update terus bg bug ama citer di abaikan sama satu tmn ku ngga on mic tiba tiba ke mute dari yang jam lagi tiba tiba di tambahin hari ngga ngotak apa gimana min tolong lah itu tmn ku udah hp nya kentang,,negatif
mantap mantap mantap,,positif
game nya bagus banget bisa ma bar,,positif
akun saya tiba tiba kena bened padahal saya tidak memakai ceat,,negatif
game gajelas pantas di bilang game burik bit emg benar masa gw pake grafik rata kanan tapi masih ngeleg udh ganti ke smooth juga tetap sama pdhl memori gw blum full tapi patah malas bet kalau udh ketemu musuh suka knock gara patah dan satu lagi tolong timnya ama musuh di sesuaikan jangan timnya bot musuhnya jago kalau gw player esport map pun gw tampung tapi gw ini baru main th masih kaku mainnya rank turun trus rank stuck situ aja tolong garena kurangin bocil drak sistem ganggu banget,,negatif
ff memang mabeles,,positif
kren,,negatif
game ya seru,,positif
bagus cuman suka ngeleg,,positif
seru,,positif
keren,,positif
asik,,positif
seru banget,,positif
gema saat baik,,positif
lumayan patah hp nya,,positif
saya tidak bisa membuka ifent ff,,positif
seruuu tp sering ngelag ngelag hp saya,,positif
seru banget,,positif
gamenya seru banget apalagi bisa dapat skin free dan juga bisa mabar,,positif
saya suka dengan game ini free fire,,positif
good game,,negatif
seru wuhh,,positif
karena di cs ranked tidak ada sg mulu,,netral
frifayer terbaik di indonesia,,negatif
ff nya bagus,,positif
lumayan tapi bdyle gak gratis,,negatif
good garena,,netral
permainannya seru,,positif
keren,,positif
mantap,,positif
keren,,positif
saran saya kayanya ini game masi ada kendala untuk pergantian mapnya masa setiap saya main di map bermuda mulu ngak ada map lain jadi untuk apa ada map lain mending ngak usa adakan uda di download map lainya masi aja di bermuda main seratus kali cuman sepulu kali dapa map lain kalau tdk bermuda terus jadi saran saya tingkatkan lagi ini mapnya biar ngak bosan mainnya,,negatif
saya menyukai ff,,positif
bagus banget game nya,,positif
game nya seru asik dan player nya baik baik,,positif
ff adalah game perang yang sangat seru banget dan kalo byk one enak ada mode cs elite dan ada mode pepeng,,positif
bagus,,positif
gw suka geme ya,,positif
mantap bisa push rank coy mantap garena,,positif
game jelek,,negatif
game bagus,,positif
sangat bagus,,positif
game rusak bejir masak nunggu lama gak bisa main,,negatif
asu,,negatif
baguss kadang ngeselin musuh,,positif
burik mending blood strike,,negatif
game sangat bagus collab dengan digimon karena saya suka digimon,,positif
seru,,positif
aku suka free fire,,positif
aku sangat suka bermain game ff ini,,positif
gem ini sangat luar biasa bisa mengisi waktu luang dan bisa melampiaskan prasaan kita,,positif
wah sangat bagus sekali saya kasih bintang,,positif
seru,,positif
gema nya seru,,positif
bagus,,positif
banyak yang toxic kalo di idupin ga di idupin banyak pemain ngeselin bikin males main dan banyak yang ngata ngatain fan main kalah mulu daprt tim gabisa main bot,,negatif
belajar dari kesalahan emel jelek aowkaowkoakaw makanya ff win dengan musuh bot,,negatif
game nya bagus dan seruuu jugaa bisa mabar bareng temen,,positif
ini bagus sekali,,positif
garena please baca komentar ini saya pengalaman nge report musuh yang pakai cheat sekali lagi pakai cheat yaitu cheat nya dapat menembus tembok dan auto aim ke karakter kita dan saat saya di balik karakter crono itu dia dapat menembak terus saya laporkan sama temen temen saya tapi tidak ke report gimana ini garena kalo masalah game sih bagus ya tingkat nge lag nya juga dikit tapi maaf kalo ada yang bener bener pakai cheat dan dilaporkan itu harap di beri ketegasan lagi maaf kalo menyinggung,,positif
ini game ya seru cuman aku pernah pas main rank aku udah tinggi malah turun padahal aku pas rank ya udah tinggi aku kagak main rank lagi tolong di benerin dev garena cuman itu permintaan ku semoga terkabul amin,,negatif
burik,,negatif
keren,,positif
gamenya seru banget aku suka deh aku sering booyah terus,,positif
entah knp suka nge lag dan ini juga lgi nge lag gbsa masuk game,,negatif
game yang sangat bagus,,positif
sangat seru kadang kolo saya bosen main game ini dan seru nya kembali dan top up diamond nya sangat murah,,positif
game yang luar biasa tidak ada berat berat di hp saya pernah main di hp kentang masih bisa ternyata ini bukan man main sungguh luar biasa,,negatif
bagus sekali,,positif
sang t bagus,,positif
permainan ini bikin saya candu,,positif
game nya bug gak ada gambar tolong diperbaiki,,negatif
games nya bagus,,positif
game burik,,negatif
bug demeg benerin lol kocak gw udah hetsot hetsot kayak ruwok helm musuh belum hancur,,negatif
tolong kasih pintu dan jendela,,positif
game yang sangat serutapi ga ada akun saya buat main,,positif
saya jadi malas main ff karena akun utama saya hilang dan saya bikin akun baru dan akun baru saya selalu tidak beruntung,,netral
sangat bagus,,positif
ga jelas udah rank tinggi tinggi dikasih tim yang jelek bgt,,negatif
keren,,positif
bagus ff sudah menhilangkan panutan kami,,positif
tolong untuk game nya cheat atau file nya di hilangkan saya nabrak pemain yang make file jadi akun saya kena bl tolong ya ini sudah sangat mengganggu tolong di tindak lanjuti,,positif
musuh ngecet semua,,negatif
sangat keren dan menarik,,positif
keren,,positif
gamenya seru,,positif
seru,,positif
gem nyaa seru banget tapi peak lama di hapus,,positif
game ff sangat seru untuk dimainkan,,positif
bagus,,positif
tapi min notifikasi nya bikin baper,,negatif
tk luuu ff burixxx knp ga bisa login iniiiiiiiiiii,,negatif
mantap,,positif
game nya seru,,positif
gamenya bagus,,positif
dikasih tim bot,,negatif
akunku ke hb gara fitur bind,,negatif
ma tap,,negatif
garena ini tolong benerin ff nya kok pas login gk bisa masuk malah black scren,,negatif
keren bener,,positif
bagus,,positif
good,,negatif
karena lawan terlalu hebat dan tim saya hanya di kasih nya bot semua,,positif
karna game ini terlalu senang,,positif
ff game burik ga pernah kasih hoki kalo spin anjj burikk,,negatif
maaf ya garena aku memang suka dengan game ini,,positif
game ny asik klu masa ny kembali,,negatif
sangat bagus tapi bagi mp galaksi dong,,positif
keren coy,,positif
garena pilih kasih teman aku dapat jt sama bandel k aku gk dapat akun teman ku padahal sultan dia dari aku kok gk bisa dapat hoki teman ku hoki dia dapat bandel k sama awm panda baju panda dan woloeker aku gk dapat gk adil garena lebih baik kita semua pindah geme aja sumpah garena plissssss aku juga pengen dapat jt dari dulu gk dapat dapat garena ayo lah hoki kan lah garena kali ini aja pliss kalo dapat jt aku gk bakal pindah geme garena mohon garena hoki ya plisssss ya garena baik,,negatif
ff burik kalo ngasih musuh gk ngotak kalo main cs renk,,negatif
gemm burik bit dan ga ada pintu,,negatif
game nya bagus,,positif
alasan knp gw kasih bintang nol karena ff burik bit gk kayak dlu anjir mending ff ini di hapus aja lah ff dah burik makin lama makin buat hp kentang kita semua gk bisa main lagi mau ngonten doang gk bisa lagi pantas aja tuh bang budi live di blood strike aja lo band bang budi punya akun pantas aja semua pensi karna lo garena semua yg kami impikan kamu hilangkan mulai dari peak old trus panutan kami lh semua nya dah hilang mohon maaf jika anda marah sama saya saya minta maaf salam garena,,negatif
grafik nya bagus sekali,,positif
saya tidak suka game kalian karna pas saya mau download lama sekali selesainya,,positif
gameini sangat seru,,positif
asik bisa mabar sama cewek di game ini ceweknya banyak,,negatif
keren,,positif
kasih gua diskon k terus donk bang garena,,negatif
bagus banget,,positif
seru bet anjerrrrrr,,positif
seru saat main,,positif
collap pinsama seponsbob seperti game sebelah,,negatif
bagus benget,,positif
saya ingin diamond gratis,,positif
sukak main nya tapi tadak even bagus,,positif
garena pleacetidak perlu saat mencapai rank master harus mendapatkan item baju master ngak jelashanya nambahi penyimpanan aja ngak gunadan utamakan update untuk memperbaiki maslahbugjngan mode atau item ngk jelas yng di kluarininget kenyamanan tetap no sekrang di ram aja berat bngetkesannya maksa buat sllu beli hp yng lebih baru dan yng lebih baruemang orang kaya itu mikirin diri sendiringak tau susahnya orang kecil,,negatif
jaringan nya cari gara gara bikin aku kesel ketika gak ada lawan jaringan nya bagus ketika lawan mendekat kuning ketika lawa menembak jaringan nya merah,,positif
karna mudah,,positif
pendapat ku game ini sangat cocok untuk dimainkan,,positif
ini sangat seru,,positif
sangat bagusss dan terpopuler,,positif
game ini sangat cocok untuk anda,,positif
game nya bagus dan seru bisa ketemu banyak teman virtual baru,,positif
sangt bagus permainan ini yang kesatu kata ku,,positif
penak nyong maen ya penak pepeng nko glider pan tekasing abang yuh add sing pan baiwan karo nyongmeneeeeeeeweeesee,,negatif
garena yg sekarang pelitnya minta ampun gw spin incubator abis tiket lebih gk dapet blueprint memang kikir nya naudubillah,,negatif
bagusww,,negatif
data di dalam game nya kayak skin senjata skin baju suka tiba tiba kehapus sendiri harus di download satu satu lagi aneh,,negatif
game nya bagus,,positif
update sekarang udah lumayan bagus cuman ada plus minusnya plusnya karakter baru punya skill ngasih damage minusnya itu damage ngasih ke player gk normal yg lain skill aktifnya ngasih damage cuma itu gk normalnya terus coin gratis dikasih variasi sayap itu ngehalangin pandangan player,,negatif
mantap,,positif
seru,,positif
tolong band cheater jangan banyak update mulu,,negatif
game baguss,,positif
pale pale,,negatif
game gublokkkkk,,negatif
tidak bermam faat,,negatif
game yang mengasah skill dan membuat emosi juga hehe,,positif
seruuuu bangetttt,,positif
seruh bikin pengen mau main terus menerus terus lawannya sulit menantang,,negatif
sangat bagus,,positif
nice game,,negatif
enak buat mainn,,negatif
kikir yang buat,,positif
game nya bagus buat iseng isi waktu,,positif
bagus ke nya,,positif
lumayan bagus bagus kali bro,,positif
seru banget,,positif
bagus,,positif
permainan nya bagus tapi mohon bug bug nya di perbaikin ya supaya lebih enak bermain bareng teman,,positif
udh bosen tpi kpo gabut ttp main ini kok,,negatif
seruuu,,positif
bagussss,,positif
seru tapi coppy ff normal,,positif
karena bagus,,positif
sangat bagus,,positif
aku pas main ini dilarang game ini padahal umur aku udah tahun,,negatif
ak kurang jago,,negatif
karena seru aku main ff dari,,positif
bagusss,,positif
tidak ada ulasan,,netral
game burik,,negatif
aku suka main game ini bisa mabar terus bisa top up tapi kok ada yang kurang,,negatif
gem ini bagus banget,,positif
ketika saya main wifinya ngelag padahal wifinya sudah bagus mohon perbaiki bug nya dan satu lagi saya setiap main gampang ketemu musuh yang pro mohon ya mimin perbaiki bug nya,,positif
hanya orang yg gk punya kerja lah yg main geam gk ada pintu afk gkk blh orang betawi mah main ini moal bakal mau soal gk blh ngomong toxic ihh,,negatif
kenapa pas ganti senjata gek bisa di pencet,,negatif
game gajelas bug masuk glowal masih sering bug damage masih sering tll ngerugiin player sering update tapi ga pernah improve tll game gajelas gara gara tu bug gw sering kalah emang game gajelas,,negatif
we need old peak,,negatif
game nya bikin sakit mata sampe mata saya merah putih berkibar di sekolah dasar negeri ini bayi yang lahir pada tahun lalu waktu itu udh di sini untuk melihat dan murah dan mudah untuk di gugw ga tau deh nakan oleh karena,,negatif
saya sangat senang karena game kesayangan kamu ini sangat seru dan yg paling membosankan dm saya gak ada kalau bisa saya mau bandel plis garena free fire id,,positif
bagussi tapi masih banyak bug yang belum diperbaiki,,negatif
bagus,,positif
seru banget tapi hati hati dengan keamanan akun anda,,positif
bagus tpi burik,,negatif
saya seneng bisa main gem ini,,negatif
saya gk bisa login akun ada waktu ya,,negatif
game ini sangat seru,,positif
very good,,negatif
menyenangkan,,positif
seru bisa mabarrr asixxx,,positif
gw spin mistery draw dapat bundle samurai cewek tiba tiba ilang emang garena bener bener dah,,negatif
gimana dah pas mau mulai game kok malah ngestuck di loadingnya dan malah balik ke loby ku coba di mode lain sama aja balik ke loby padahal penyimpanan masih banyakk kuota banyak sinyal aman tolong lahhh,,negatif
masa honor score nya ga bisa main cs ml aja bisa huuuu game burik bit gada pintu,,negatif
game nya bagus banget,,positif
wee need old peak,,negatif
larinya kely agak di cpat kan,,negatif
sangat seru,,positif
aku sangat suka dan sangat bagus,,positif
ff sangat bagus,,positif
sangat baik,,positif
sangat bagus,,positif
bagus,,positif
karna ff bagus,,positif
kok lama banget loading nya padahal waivi aku penu seballllll sebel sebel sebel,,positif
gema nya bagus tapi nanti collab sama ultraman ya gerana,,positif
gemnya seru banget serasa nyata,,positif
game banyak bug perbaiki oi game tu,,negatif
game ini asik dan menyenangkan tapi ada banyak chiter yang berkeliaran di matc,,positif
enak kalo event ramadan,,negatif
game ff yang temantemannya emang aku suka game ff,,positif
seru bet,,positif
makasih garena,,netral
sangat bagus,,positif
game ini sangtsangt bagus,,positif
seru tapi gak ada temen mabar,,positif
balikin akun gua woy,,negatif
ga jelas style lobby ny ga ada gj bgt,,negatif
kami sangat suka sama game ini sayangnya hp ku kentang dari aku main ngak ngeleg tapi kayak nya di tahun ini gak mungkin,,positif
game nya bagus banget min tolong kasih dm gratis biar orang orang senang,,positif
bagus,,positif
garena agemnya tambah burik jadi padutan kamih pada pensi bang budi,,negatif
bagus,,positif
cakep banget deh bisa mabar dengan teman ku,,positif
game bagus gk kaya roblok,,positif
gamesnya bagus aku kasih bintang,,positif
wenak,,negatif
sangat baik dan bagus,,positif
saya sangat suka game ini walaupun kadang menang dan kadang kalah juga,,positif
baik seru gem nya,,positif
sangat bagus lancar banget gampang headshot,,positif
game burik gw ngegacha gk dapet dapet,,negatif
banyak dark sistem seperti bocil bsk masih banyak yg toxic bot gak tau main padahal udah gm,,negatif
garena ini game yg bagus,,positif
seruu,,positif
pernah menang,,negatif
kembali kan map bermuda yang dulu,,netral
game nya bagus banget pas dulu tpi maaf sayh udh pensi dari ff soalnya udh kyk kurang seru mnurut aku aku mlh pindah k ml klo peak yang dulu ada aku akan comback,,positif
sangat menyenangkan,,positif
di kasih kalah mulus males main,,negatif
bagusssss,,negatif
gak bisa join game nya padahal baru hari gak main tiba langsung error,,negatif
game ya bagus banget sih wajib download,,positif
seru,,positif
i am very happy to have a really fun game,,negatif
seru,,positif
bagus,,positif
game nya bagus ada sedikit bug dan sering menemukan citer di mode br rengked tolong ya garena diperbaiki dan tolong bened citer nya ya garena,,positif
aku suka ff,,positif
sorry free fire gua gak main lu lagi hmm,,negatif
bagus saya suka game ini tapi sinyal kadang suka ngeleg,,positif
karena bagus tapi agak ngelek,,positif
game byurik,,negatif
good,,negatif
game ini bgus tpi tolong jangan di hpus semua item old dan bundle old jangan di hadirkan lagi kasian yang player old berjuang untuk item bundle old dan tolong kasihkan monster monster besar biar tidak bosan player nya,,negatif
bagus tapi ada yang kurang pik yang dulu sama mobil putih dan tong merah pelis min,,positif
serusekali gemeny,,negatif
ff max bagus gerafiknya bagus pokoknya harus download ff max,,positif
enak banget,,positif
sangat bagus,,positif
untuk saya bermain cs ranked kok saya selalu mendapat tim yang agak jelek sampai kadang kadang menang kadangkadang kalah kartu perlindungan ku habis tolong kasih tim baik saya berterimakasih karena saya sudah spin satu kali dapet di tinju harimau terimakasih garena,,negatif
aku sangat sangat sangat sukaaa,,positif
ff burik masak gak pacak login lebih baik ml,,negatif
sangat seru,,positif
gem ya bagus,,positif
wah geme ini sangat bangus dan lebih realistis tapi sayang nya tiba slinnyal nya menjadi padahal baru beli kauta,,positif
game nya baguss dan gaada iklan sama skali,,positif
aku main game ml tapi aku kangen sama ff,,positif
game ini sangat bagus,,positif
bagus sekali,,positif
bagus banget permainannya,,positif
senang,,negatif
epep game ko ntol asuuuuuuuuuuuuuuuuuuuuu,,negatif
maap mau nanya garena gem nya gak jelas saya login keluar sendiri padahal udah login loh gem nya perbaiki lagi masih ada bak nya coba ada in lagi senjata baru terimakasih,,negatif
main pas mood doang,,negatif
free fire semakin maju,,negatif
bagus gamenya seru pertempuran paling bagus permudah misinya mendapatkan bundle dan skin lainya hanya dengan login permudah pembelian shop ff dari satu juta diamond untuk beli bundle jadi seratus diamond kebawah biar harga terjangkau murah meriah dan spinan dm jadi dm dan sepinan dm jadi dm saja saya ingin karakter ff bis rebahan dan duduk di mode rank dan diamond gratis di loby kapal sebelum perang perbanyak map barunya salam boyahh,,positif
geme nya sangat bagus,,positif
terbaik,,positif
free fire nya bagus banget tapi sayang nya malah di hpus sama ayah ku katanya gara permainan ini aku jadi gk fokus belajar dan juga jadi banyak no cowok di wa ku karena ada permainan initapi permainan ini kan seru,,positif
saya mencintai ff dan indonesia,,positif
game nya bagus ada skin keren,,positif
bagus,,positif
mantap,,positif
karena game nya seru bagus menarik dan buriiik,,positif
bagus euyyykali kali minta dm min,,positif
sangat keren,,positif
heh bot buat luh yang komen jelek hp luh pada ajh yang ketang hp ketang ko maksa main ff,,negatif
asik banget,,positif
kenapa saya login ko layar hitam atau putih mohon ditindak lanjuti,,negatif
seru,,positif
mau masuk malah nyalahin jaringannya padahal jaringannya bagus tapi ga bisa masuk,,negatif
game mantap ini,,positif
gemnya bagus dan seru,,positif
game seru,,positif
untuk event perjalanan pelarian sekarang apakah garena tidak mau mengasih hadiah utama karena menurut saya hadiah utama tidak di beri karena menurut saya saat saya berhasil memilih kotak secara berulang kotak lain mendapatkan hadiah utama setelah saya memilih kotak lain malah kotak yang sebelumnya saya pilih yang dapat berulang kali jadi saya kecewa sekali dan saya kasih bintang supaya barada di atas,,positif
permainan yang gg,,negatif
game ini sangat keren,,positif
baru aja login hari iniudah isu jaringan muter muter muluuu trus udah masuk gabisa whisperudah ketik pesan tapi tiba tiba hilang dan gabisa kirim karena pesan kosong anehh bat makin malas buat login,,negatif
jadi keinget kayak dulu,,negatif
asu,,negatif
kasi lawan tidak seimbang bikin hape ngelek baget,,negatif
gem nya seru tapi akun ya ilang tolong perbaiki garena,,positif
kasih bot gw masih pemula ketemu player jago terus,,negatif
f di hati,,netral
game aneh aktifkan layanan lokasi udah di izin kan tapi gk bisa maen br atau cs rankgame lol estimasi angka tapi nunggu sampe menitgak usah download ni game,,negatif
seru,,positif
minn akuu mau main ff lagi tapi hp ku udh jelek jadi harus nunggu beli hp baru,,negatif
ak sangat suka,,positif
dari sekian ribu pengguna ff dengan berbagai keluhan nya ga ada yg di respon oleh pihak garena miris,,negatif
seruu tapi ga serame dulu,,positif
mantap,,positif
keren banget make data smaa wifi delay,,positif
game nya asik banget cookkk,,positif
bang sehat terus dan mengintas nya cepat,,positif
oke,,negatif
geme ini bagus sekali,,positif
bagus,,positif
keren,,positif
kenapa setiap login tidak bisa main hanya bisa diem di lobi saja,,negatif
baru buka masa black screen apaan coba mau main malah ngga bisa,,negatif
aku suka sama gaem ini,,positif
peak old tolong kembalikan,,negatif
gem ya bagus aku kembali lagi,,positif
game ini bagus tapi kenapa kayak yang ngetrol,,positif
game seru kalo main sama teman,,positif
apik,,negatif
karna enakan ff,,positif
bagus,,positif
lumayan bagus,,positif
bagus lhh,,positif
game seruu,,positif
puas,,negatif
musuhnyq bot salim dulu sama kokoh,,negatif
gamebnya bagus kalo update kasih motor gratis,,positif
tolong kasi hilang aja fitur unbin nya karna banyak yg lupa kode nya dan juga banyak akun yg hilang,,negatif
gm nya seruh bngat,,positif
sangat sangat baik di metro ini,,positif
terimakasih untuk game free fire telah menemani ku selama ini aku rehat dulu bayy,,positif
gem ini sangat baguss,,positif
mantap,,positif
gamenya bagus sudh tapi banyak bug bug yg aneh contoh bug jaringan bug bandel dan bug map dimohon perbaiki secepatnya,,negatif
pokok mantap,,positif
game ini terbaik dihidupku,,positif
